Massage;Risk
ЦПГ. Не достаточное освещение модуля абсорбера А1/2.;0
Недостаточное освещение в помещении №102 УОГ.;0
Снег на ступенях лестницы запасного выхода со 2 этажа БППП (УППГ-3В);0
Протечка крана холодной воды в умывальнике СЭБ (2-й этаж).;0
Не исправна ручка двери в тамбур-шлюз ТКДМ.;0
В ЦРД возле Н5А1 лужа воды.;0
"РММ. После привоза нового оборудования, осуществлена распаковка ""Блок непрерывного дозирования реагентов"". Большое скопление упаковочного материала на выходе из РММ.";0
Наличие посторонних предметов (ветош, мусор) в блок-боксе ПКУ. ;0
Свисание снега на козырьке пожарного выхода ЦРМ;0
У работников РММ на хранении выявлены 2 каски с просроченным сроком возможности эксплуатации. ;0
Проведена проверка аптечек в кабинетах здания РММ. Выявлена одна разукомплектованная аптечка. Необходима замена аптечки.;0
Наличие загрязнений и пыли на приемной сетке вытяжной вентиляционной системы В-1 БВС;0
Подтеки масла в ОН ГПУ №211;0
В мастерской УТОБТДА в сборочном участке маслянные пятна под спч АДКГ-9;0
Не читаются надписи на кнопках включения АВВ входа №2 и №3 УОГ;0
Нет маркировки выключателя освещения лестничной площадки входа№-1 ЦРД;0
Утечка по фланцевому соединению трубопровода горячего воздуха обогрева отсека двигателя ГПУ-215.;0
"На месте хранения дежурного слесарного инвенторя в ПЭБе
обнаружен сломанный рожковый ключ.";0
Перегорела лампа аварийного освещения на первом этаже БППП.;0
Сломана лопата (УППГ-3В);0
Отсутствует пломба на фланцевых соединениях нагнетательного трубопровода, нососа метанола Н1-11.;0
ГТЭС-24,требуется очистка от снега термостабилизаторов;0
Хорвутинский купол. УКЗ №4, ВЛ 48 ЭХЗ, обрыв вязки опоры №8. ;0
Харвутинский купол. УКЗ №17. Просели створки входных дверей на станцию. Для открытия требуется приложить усилия.;0
Деформация основания одной из пожарных лопат расположенных в складском помещении УМС.;0
ЦСГ-3, отсутствует часть о кожушки труб системы отопления в цехе.;0
Занесена снегом информационная табличка При передвижении по лестнице держись за перила в районе отсека автоматики;0
Посторонние предметы(ведро) по маршруту обхода;0
Занесены снегом подходы к складу ГСМ, б/б ГСМ, б/б ДЭГа и метанола.;0
Несоответствие информационных показаний средств КИПиА - температура наружнего воздуха на УОГ.;0
Ослаблено болтовое соединение на защитной решетке вентелятора АВО газа №6, секция №5.;0
Заметен подход к КНС поз 83.;0
Снег на площадках выходов позиций 1,2 со стороны галереи ;0
Заметена лестница поз 83 со стороны СЭБа;0
Не очищены от снега подходы к столбикам заземления пожарной техники возле дизельных электростанций.;0
Нарушена взрывозащита на светильнике №6 позиция 27. (Трещина на стекле);0
В шкафах управления приточной вентиляции поз.33 отсутствует маркировка ПЧ П1, ПЧ П2.;0
Подтёки масла на насосе Н6-2 в насосной метанола;0
Наледь на козырьках СВО,ГПА№911-913.;0
Обледенение козырька ДЭС-3,4.;0
В мастерской УТОБТДА над сверлильным станком отсутствует свет, по причине перегорания лампы;0
Засыпаны снегом привода кранов обвязки ЦБН;0
ГТЭС-48. ЭМ №1. Не в полном объёме очищена площадка выкатки ГТД ЭБ №1;0
Трещины на раструбе огнетушителя в отсеке двигателя ГПА-221.;0
Промаслянные пятна на маслобаке компрессора ГПА№913;0
Перегорела лампа освещения на пульту БППП (УППГ-3В);0
Отсутствует пломба на фланцевых соединениях трубопровода нагнетания, насоса Н1-23 в насосной.;0
Поврежден хомут крепления огнетушителя в здании АБК МРУ.;0
УЭМПГиГРС, снег на подходах к пожарным гидрантам. ;0
"АГРС ""Промбаза"", б/б БТПГ, б/б редуцир. Наличие наносов снега на кабельной эстакаде. Наличие снега с наледью на козырьке и свисание их с крыши. При потеплении не исключена вероятность падения снега со льдом на подходные пути работников.";0
РММ (курилка). Необходима замена шланга у огнетушителя, присутствует внешний дефект;0
В вагон-складе электромонтеров обнаружена непригодная спецодежда;0
ЦРД Н6/2 трубопровод входа воды не закреплен крепежным хомутом;0
ЦРД тамбур-шлюз не горит аварийное освещение;0
Сломана ручка управления воздушной заслонки на вентиляционной шахте обогрева ангара ГПА №-912.;0
Площадка переключающей арматуры  (поз.30). Занесена снегом площадка.;0
СЭБ (поз.34) - Ослабнение крепления перилл на маршевой лестнице.;0
Поз.19 (Фильтр тонкой очистки 20Ф1/4). Повреждение  бирки с нумерацией на ЗРА.;0
Поз.19 (Фильтр тонкой очистки 20Ф1/2). Повреждение  маркера-указателя с направлением движениря среды.;0
Недостаточное освещение на выходе со слесарной мастерской.;0
Отсутствует знак безопасности на входе в ГПА№911.;0
Не обработаны пути передвижения по территории обхода антигололедным средством;0
"Отсутствует надпись направления вращения ""открыта-закрыта"",крана 13р, ГПА№913";0
Не исправен доводчик двери в тамбур ГПА№916.;0
"Повреждена табличка ""выход"" в тамбуре ГПА№912";0
Занесён подход снегом  кранового узла первый группы ДКС.;0
Занесены снегом площадки обслуживания ГПА;0
Отсутствует табличка на кр.№2 ГПА №714;0
Загрязнена и в пыли поверхность приточной вентиляции П3-1 ;0
Течь теплоносителя в месте установки термометра в обратном контуре системы П-1/2 в помещении приточной венкамеры №1 цеха сепарации газа №3;0
поз.173. Не достаточное освещение внутри помещения.;0
поз.337. На трубопроводах нет направления движения жидкости.;0
поз.337. Не подписаны кнопки включения - отключения насосов. ;0
Отсутствует крепежный болт на ЭКМ на линии подпитки;0
Отсутствие бирки на напоромере на подаче воздуха в котел;0
Поз.3а   Занесены снегом подходы к газоанализаторам. ;0
Лёд на входе в ОД ГПУ №214;0
Снег на лестнице в торце технологического корпуса;0
Не горит лампа аварийного освещения возле Е-4, Е-8 ТКДМ;0
Не достаточно освещён ЦПГ не работают 10 светильников.;0
ГТЭС-48. Пути передвижения в районе ЭМ №1 требуют частичной посыпки противогололедным материалом.;0
Повреждена изоляция на трубопроводе топливного газа на горелки ПТПГ-30.;0
ЦРД. Не читаема информационная таблица загрузки Ндэга на ПОРД.;0
Маслянные подтеки на станине Н-404.1;0
Занесены снегом пути передвижения на маслохозяйстве.;0
Не очищены от снега подходы к входам ППА.;0
Перегорела лампа в районе С-1 (УППГ-3В);0
"Отсутствует табличка ""выход"" над дверью из отсека двигателя Т/А №112.";0
"Дизельная электростанция ДЭС-500.
Выцветание кабельные бирки на оборудовании пожарной сигнализации.";0
"Дизельная электростанция ДЭС-200.
Места сварки стойки трубы УГП не закреплен";0
"КПП электрощитовая.
Отсутсвует диспетчерское наименовние на понижающем трансформаторе 220/12В";0
"Маш. зал Модуля №4.
Неисправность теплообменника агрегата отопительного.";0
"Модуль 1 ЭТБ коридор.
Пороги дверей окрашены в желтый цвет без черного.";0
Недостаточное освещение в насосной метанола.;0
Занесена снегом лестничная площадка входа в ПЗБ ДКС;0
Над входом в АБК из Производственного корпуса не работает указательная табличка Выход охранно-пожарной сигнализации;0
Вышел из строя светильник, освещавший схему движения АТС по территории производственной базы УТТиСТ в п. Новозаполярный;0
"ГТЭС-24, ТМБ, каб.222, отсутствует бирка ""220В"" на розетке";0
Наличие наледи на двери ОД ГПУ-212;0
Занесен снегом подход к крановому узлу второй группы ДКС.;0
Пожарный гидрант №4 и №21 ( напротив поз.2) завален снегом после проезда техники;0
Выцвела информационная табличка на блок-боксе ЭХЗ КГС №114 УКПГ-1С.;0
На КГС №134 упал кабель ЭХЗ с эстакады.;0
Нарушено ЛКП. АГРС. Поз.№13. Задвижка №14.;0
Заметена лестница поз 1. АГРС. Блок редуцирования газа.;0
На корпусе воздухавода АВОМК отсутствует обозначение направления движения среды, ГПА №-915.;0
Не очищены от снега пож выхода в ЗПА;0
Вент камера в ЗПА не достаточное освещение;0
Въездные ворота на территорию УМС занесены снегом, проезд затруднён;0
"УКЗ АГРС ""Промбаза"". Подходные пути заметены снегом.";0
"УКЗ АГРС ""Промбаза"". Отсутствие освещения на станции";0
Подтёки смазочного материала насоса Н6-1;0
Образование на крыше наледи над входом в помещение ;0
Наледь на козырьке. Выход с бппп 2 этаж;0
ВХ 5 посторонний предмет.  (шланг в вент камере);0
б/б НДиМ. На задвижке номер 1 отсутствует надпись направления вращения (Откр. Закр);0
Наличие наледи на двери ОН ГПА №723.;0
"Снег на выходе в зону ""В""";0
Неисправен доводчик двери на вхоже в ТКПГ, район А-1/1.;0
Занесена снегом лестничная площадка,наледь на ступенях выхода №3 ЦРД.;0
Неисправна ручка двери входа в ЦРМ (со стороны переходной галереи БППП);0
После работы спец. техники выявлен скользкий участок на пути передвижения здания ЛЭС и АБК МРУ.;0
"Нарушена целостность заземляющего проводника на преобразователе перепада давлений ""масло-газ"" ГПА-122";0
Огнетушитель убран из под знака обозначения огнетушителя в насосной метанола (УППГ-3В);0
Ослаб хомут крепления линии выкида насоса Н10А-1 (УППГ-3В);0
Мусор, посторонние предметы в ангаре ГПА №215.;0
Неисправность работы доводчка двери в УПТИГ КЦ-1.;0
"На воротах п.337 обветшала табличка ""запретная зона! проезд закрыт!";0
Набои снега на ступеньках основного входа в ангар ГПА №215.;0
В помещении № 101 УОГ ДКС посторонние предметы .;0
Нет освещения на запасном выходе с ПЭБА.;0
Отсутствует информационная бирка на манометре дренажной линии насоса Н-12.;0
Наружное освещение ВЛО-9 не работают два светильника.;0
Отсутствует информационная табличка ответственных за противопожарное состояние на входе в БПТПГ КЦ-2.;0
Не посыпаны песком пути передвижения возле центрального входа БВП ;0
Оторвано опломбирование устройства для изменения уставок на электроконтактном манометре в насосной метанола насос Н-3. ;0
ГТЭС-48. Требуется очистка маршевой лестницы теплового пункта №4.;0
ЦРД Н-4/1 низкий уровень масла в холодильнике-маслобаке;0
ЦРД Н-4/3 не достаточное освещение;0
На козерке выход из ЦПГ образовались сосульки.;0
На позиции №341 посторонние предметы.;0
На позиции №341  отсутствует номер на З.Р.А. и положения открыто и закрыто.;0
Посторонние предметы в компрессорной позиция №56.;0
Заснежено с торца БППП;0
ВХ3 отсутствие на двери информационной таблички.(отклеелась);0
Посторонние предметы ЦРМ( фланец возле Н4а4;0
Не убран снег возле здания б/б ГСМ.;0
Занесены снегом подходы в УПТИГ.;0
В приточной вентиляционной камере ЦРД посторонние предметы (огарки, шпилька).;0
Не убрано рабочее место в слесарной мастерской, на верстаке слесарные инструменты и металл.;0
Посторонние предметы (ветошь) под лестницей в переходной галерее ЦПГ;0
ЦСГ, отсутствуют лопаты от ящиков для песка № 28.29.30.;0
ЦСГ-3, посторонние предметы в юбках ФС.;0
Посторонние предметы (ветошь, фильтры) в ОМА.;0
Перегорела лампа освещения в насосной метанола ;0
поз.2 20Р2/2 на расходомере по ВМР отсутствует винт на крышке (для пломбировки) ;0
Стремянка в тамбуре запасного выхода 1 эт. БППП (УППГ-3В);0
Отсутсвует табличка обозначения крана Г110, упала (УППГ-3В);0
Скользкое покрытие по маршруту обхода , подходы к площадкам БЕ -501, входа в цех;0
Занесены снегом площадки обслуживания УПТИ и УГ и ДКУ;0
Запарошены снегом запасные выходы с ПЭБА.;0
"ЦРД, лестница на 2й этаж, травмоопасное расположение (наличие острых граней) металлической таблички-""держаться за поручни"" ";0
Посторонние предметы (ведро, ветошь) в ЦПГ возле Е-7/2;0
"ЦПГ. Отсутствует табличка "" ВЫХОД"" на двери эвак.выхода ( со стороны ББРГ).";0
Сорвана пломба на фланцевом соединении трубопровода насоса Н-12.;0
Не горит освещение аварийного выхода №1 ПЭБ ДКС;0
От вибрации слетела гофра пылеуловителя с заточного станка в помещении мастерской МРУ.;0
Выявлено на полу скопление песка в коридорах и кабинетах здания АБК поз.9.18.;0
Опасный снежный навес на козырьке здания УЗГ. Возможно травмирование дежурного персонала.;0
Постороннее предметы в ангаре ГПА№911.;0
Посторонние предметы в технологическом корпусе по маршруту обхода;0
ВХ 2 посторонние предметы в помещении(металлолом);0
Не удовлетварительное состояние ЛКП Н8.1(корпус);0
Посторонние предметы (ведро с кисточами) возле Е-7 ёмкости в технологическом корпусе;0
ЗПА АВВ-1 порвана мягкая вставка;0
ЗПА не горит аварийное освещение;0
поз.4  10ПУ1/4 на манометре отсутствует красная стрелка ;0
поз.4  10С1/4 на метране 150CD3 (перепад на фильтре)  перевёрнут дисплей;0
поз.4 10С1/1 не подключен заземляющий проводник на датчике уровня;0
поз.1 10С1/1 с кабельного лотка  слетела крышка ;0
КЦ-1 ПТГ-1 и ПТГ-2, заметины подходы снегом.;0
"Затруднен проход к площадке обслуживания кранов 103;203. Заметено снегом.";0
п.2 20С-2/3 Неустановлены защитные кожуха на фланцевых соединениях;0
п.18 Не плотное прилегание противопожарной двери;0
п.1 Неисправен доводчик вхрдной двери;0
п.2 Холодное укрытие 3-4 нитка неисправен доводчик входной двери;0
Пожарный гидрант №3 Завален подход после прохода техники;0
Перегорела лампа освещения на пульту БППП;0
Сосульки на крыше УОГ.;0
Отсек нагнетателя с торца в верхней части ВВОН-1 деформированы элементы жалюзей  ;0
Переметы на ПАД к КШ №1, 2, 101;0
Снежный нанос на площадке обслуживания ОА ГПА № 426.;0
ЦПГр, отсутствует штурвал вентиля Д-209ар/2.;0
Заметен проход под галереей ЦПГ.;0
ГТЭС-48. Перегоревшая лампа в тамбуре БМО №2.;0
АБК. Утечка на трубопроводе ХВС.;0
КНС. Антигололёдное состояние подхода к маршрутной лестнице (риск падения человека). Отсутствие таблички с наименованием измеряемого параметра.;0
АБК. Неисправность запорного устройства двери (ручка).;0
РММ (курилка). Выход из строя обогревающего радиатора. ;0
Посторонние предметы возле Н-9/1 (мусор) в ТКДМ.;0
Разряжен газоанализатор СЕАН (зав.№6052);0
Термоклапан  в не исправном состоянии на линии приточной вентиляции П3-1 в здании ПЭБ,;0
ГТЭС-24,ОБУ, необходимо пополнить диспенсер для выдачи берушей.;0
Провис защитного металлорукава кабеля датчика «температура масла на сливе УОПН» ГПА-124;0
Ослабло крепление заземления сигнализатора двери КШТ ГПА №226;0
ЦРМ. Не опломбированы фланцевые соединения Н10А/2 (после ремонтных работ).;0
"Неправильно нанесено направление ""открыто-закрыто"" на вентиле Ф421";0
Недостаточное освещение в блоке СВО ГПА №913.;0
Постороннии предметы, ветошь возле Н-404-1;0
Покрыты инеем номера кранов обвязки ЦБН на Т/А №112.;0
Не расчищена от снега лестничная площадка б/б красок.;0
В ЦПГ на БТДА 1/2 затерлась бирка на маслоемкости со стороны турбины.;0
Нет маркировки на выключателях освещения б/б красок.;0
Не закреплён выключатель освещения б/б красок.;0
"Нечитаема информационная табличка- ""Держитесь за перила при передвижении по лестницам, площадкам обслуживания, переходным мостикам"". Обледение.";0
УОГ С.1.3 Метран - уровень пластовый воды, обрыв заземления.;0
Наледь на кровле УРДиМ.;0
Подтёки масла на насосе Н6-1;0
Проведена ревизия работоспособности приборов службы ЭХЗ. Требуется ремонт одного трассоискателя и подзарядка имеющегося оборудования, в том числе рации и газоанализаторы. ;0
Над входом в РММ не работает уличное освещение. ;0
Склад УМС. После демонтажа оборудования, необходима комплексная уборка помещения. ;0
РММ. В некоторых кабинетах отсутствуют дезинфицирующие средства общего пользования. ;0
Перегорела лампочка аварийного освещения в тамбуре ГПА№913.;0
ПОРМ №1 в армотурном блоке не горит аварийное освещение;0
УРДиМ,Ф-302/1,2 грязные полы.;0
Отсутствует стрелка на манометре у СГУ - 1,6 / 0,25.;0
Недостаточное освещение в ОН ГПА №725;0
КНС. Снег и наледь на вентиляционных дефлекторах КНС.;0
Оторвана пломба шкафа хранения аварийного запаса СИЗОД.;0
УРДиМ,грязные полы возле К401/2.;0
Образовалась наледь на перилах лестницы насосная метанола;0
Разряжен газоанализатор СГГ-4М.;0
Мусор, посторонние предметы в помещении;0
Снег в торце технологического корпуса;0
Следы масла под фланцами входного патрубка насоса Н-6 МНЧ.;0
"Нечитаем плакат ""Стой Напряжение"" на входе в техподполье позиции 85.";0
Отсутствует бирка адреса подключения на модуле когммутации кран балки позиции 31.;0
Посторонние предметы в помещении блок бокса обогрева позиции 108.;0
ГТЭС-48. Отсутствуют моющие средства в комнате приема пищи ОБУ.;0
Неисправна лампа аварийного освещения (прерывистое свечение, мерзание), 2й этаж (раздевалка) БППП ;0
Заметены снегом стекла манометров на БФ ГПА-125;0
Бочка с краской возле Е-7 (УППГ-3В);0
ЦПГ, загрязнение на полу в районе БРГ-1-2, вакуумного насоса .;0
ЦПГ, частично отсутствует освещение верхней площадки в районе БТДА-1/1-6. ;0
Не достаточное освещение в насосной ДЭГа и метанола.;0
Сломан замок двери №3 ,ангара ГПА№ 914.;0
Нет освещения над запасным выходом с УПТИГа-1оч.;0
На манометре метанолопровода куста 927 красная стрелка указывающее рабочее давление отломалась;0
"На зоне ""В"" на 13 т.н. , занесена снегом ЗРА.";0
Недостаточно очищен от снега подход к ПГ 7.;0
Поз. 90 ТУ отсутствует указатель направления потока среды на трубопроводе Т1.;0
Перегорела лампа освещения на пульту в БППП;0
Загрязнённые полы в ангаре ГПА№914.;0
УРДиМ,на ВХ-401 площадка занесена снегом.;0
УРДМ, ВХ-302 помещение занесено снегом.;0
УКПГ-9,УЗСП свищ на линии промстоков насоса Н-1;0
УРДМ, К 301-1,2 нечитаемость технологической схемы включения.;0
УЗСП, посторонние предметы на станине насоса Н 3-1,2.;0
Заносы снега у входа в цех УПГ,УРДМ, СП-501 и СП-502.;0
УЗГ не очищена от снега площадка обслуживания Г-1Х, Г-2Х;0
УЗГ не очищена от снега площадка обслуживания Г-5Х;0
Полотно ножовки по металлу на насосной станции хозяйственно-питьевого,производственного и противопожарного водоснабжения ГП-1С имеет скол рабочей поверхности;0
Не исправен доводчик двери на входе в ПЭБ ДКС;0
Загрязнение и пыль на поверхности П3-1;0
Не горит аварийное освещение на лестничных площадках первого и второго этажей АБК;0
Cрвана пломба на фланцевом соединении насоса Н1-1.;0
"АГРС ""Промбаза"". Посторонние предметы в тепло-пункте АГРС.";0
Отсутствует номерная бирка на технологической обвязке трубопроводов Н-9/1,2 ЦРДиМ.;0
Не очищена от снега переходная площадка 2 этажа ЦРДиМ.;0
Занесены снегом подходы к насосной ГСМ;0
КЦ-2 УПТТиГ Аппаратная КИПиА, перегорела лампа освещения. ;0
Неисправность доводчика двери (ст.8, п. 88 ФЗ-123);0
Посторонние предметы, материалы у выхода в сторону Е-104;0
ГТЭС-24, БФТГ№2, перегорела лампа освещения.;0
"ГТЭС-48. НТиМ. Центральный вход. Сломан знак ""Держитесь за поручни"".";0
Перегорела лампа в районе БА-1 (УППГ-3В);0
Подтеки масла под насосом Н3/1 (УППГ-3В);0
"Капельная утечка масла ,на входном трубопроводе (фланце) насоса Н-3
в насосной маслохозяйства.";0
Недостаточное освещение в отсеке нагнетателя Т/А №111.;0
Перегорела лампа освещения на втором этаже в помещении ВХ-2/А в ЦРДиМ.;0
Занесена снегом лестничная площадка ЦРМ;0
Занесена снегом лестничная площадка МКЦ-1;0
"Машинный зал Модуля №1.
Неисправность теплообменника агрегата отопительного №5.";0
"Модуль 3. ЭТБ
Термометр на стене.
Расколото стекло, заклеено скотчем.";0
"Общественная аккумуляторная.
Нарушена тепловая изоляция распределительного узла.";0
"Общественная аккумуляторная.
Повреждена защитная сетка вытяжного вент В-3.";0
"Общественная аккумуляторная.
Утечка теплоносителя по автоматическому воздухоотводчику АВ-2.";0
В здании УМВ в помывочном цеху не работает вытяжная вентиляция.;0
"Отсутствует обозначение ""О-З"" (откр/закр) на штурвалах задв.№23,24 обвязки Е-12 ТКДМ";0
Поз.18 (Насосная). Повреждение  маркера-указателя с направлением движения среды на линии выкида насоса 30Н1/4.;0
Аппараты воздушного охлаждения (поз.16). 20ВХ-1/2 Не  закрывется дверь на входе в секцию. ;0
Аппараты воздушного охлаждения (поз.16). 20ВХ-1/6 Не  закрывется дверь на входе в секцию из за провисания.;0
ТК-2, Занесены снегом к площадки обслуживания шаровых кранов.;0
При наружной температуре -32 не работают две батареи отопления в здании.;0
Заметён снегом проход к арматурному блоку печей подогрева газа;0
Температура в рабочих кабинетах третьего этажа Административного здания МСЧ по ул.Таёжная, 32А 9января в 8:40 составляет 13-14градусов. Данный температурный режим не соответствует нормативным, не способствует нормальной работе за компьютером, укутанные в палантины сотрудницы не соответствуют корпоративным требованиям к внешнему виду, а также высок риск простудных заболеваний при длительном нахождении в охлаждённом помещении.;0
Проход в б/б затруднен, снегом на лестнице;0
Недостаточная освещенность в арматурном блоке А -1/8.;0
Посторонние предметы на полу в узле подключения;0
Заснеженность входной лестницы на ЗПА;0
Отсутствие таблички с наименованием измеряемого параметра на датчике давления холодной воды;0
"Недостаточное освещенность ""БОА"" ГПА№917.";0
ЗПА сломана ручка входной двери ;0
ЗПА щитовая КИПиА нет освещения;0
"АГРС ""Промбаза"". Неисправна КУ на б/б одоризации.";0
УМС. Посторонние предметы на входе теплого бокса.;0
Посторонние предметы (ведро) по маршруту обхода в технологическом корпусе;0
"УКЗ ГРС ""Аэропорт"". Заметены снегом входные ворота к станции.";0
Сети внутриплощадочные,на Е401/а площадки обслуживания занесены снегом.;0
Отказ датчиков температуры технологических ниток № 3,4,5.;0
КЦ-1 БПТТиГ Замерная линия №1,2,3 мелкий мусор.;0
Заснежен выход из здания БППП. ;0
"поз.71  В комнате ""Мастерской КИП и А"" надломлен стул (возможно травмирование). ";0
"Снежные наносы на пути обхода по маршруту ""А""";0
Заметен проход в ЦПГ под галереей.;0
Скопление снега на защитном козырьке входной площадки ЦРМ.;0
Заметен подход к печи ПГ-1.1 (УППГ-3В);0
Заметен подход к запасному выходу из арматурного блока печей П-1;0
Посторонние предметы в ангаре ГПА № 914 .;0
ЦПГр, частично отсутствует освещение в районе арматурного блока А-1р/1-4, С-3р/1-4.;0
ЦПГр, не закрывается створка окна на втором этаже, в районе Т-2р/7,8.;0
Заносы снега у входа в ЩСУ СИКГК;0
"Отсутствует табличка с указанием параметра на манометре ""Давление ВМР на входе"" ПОРМ";0
Поз. 71 помещение П1, посторонние предметы.;0
Подтёки масла под нососом Н-6\1;0
В рабочих кабинетах третьего этажа  Административного здания МСЧ по ул.Таёжная, 32А 10января составляет 15-17градусов. Данный температурный режим не соответствует нормам и повышает риск возникновения простудных заболеваний у сотрудников (в основном женщины) при сидячем режиме работы за компьютерами.;0
УОГ ВВ-1/1 повреждено заземлние станины крепления короба;0
УОГ тепло-узел не достаточное освещение;0
Насосная метанола. Протечка метанола по фланцевому соединению на входе. Насос Н-5, Н-8.;0
"Отсутствует обозначение направления ""О-З"" (откр/закр) на штурвалах задвижек Н-7а ТКДМ.";0
Переходной мостик от цеха подготовки газа до установки очистки газа завален снегом.;0
Переходной мостик от блок бокс топливо-раздатки до блок бокс насосной метанола завален снегом.;0
Проходная калитка к зданию переключающей арматуры занесена снегом.;0
Недостаточное освещение площадки арматурного блока С1-2 ( стробоскопический эффект LED лампы ).;0
Заснеженность подхода и входной лестницы у теплопункта НДиМ;0
Постороние предметы возле Е-7 .;0
КГС 817.3 система подачи ингибитора - пропуск метанола по штуцерному соединению перед обратным клапаном. ;0
занесена снегом лестница входа в ТКПГ;0
УОГ С.1.8 площадка обслуживания, посторонние вещи. ;0
Негерметичность ЗРА №12, сальникового уплотнения, в б/б насной ДЭГа и метанола.;0
В районе б/б насосной ДЭГа и метанола погнут сигнальный флажок трубопровода.;0
В ТКПГ негерметична мягкая вставка на В-6/1.;0
Занесены снегом площадки обслуживания Т-3/1,2,3.;0
Негерметичность резьбового сгона дренажного трубопровода в ЦРД, в районе клапана КР-12а.;0
Неисправен доводчик двери в печное отделение печи П-1а/2.;0
В ЦПГ на емкости Е-1, пропуски по фланцевому соединению.;0
На козырьке на входе в ЗППА снеговая шапка.;0
Cломана ручка двери на входе в ангар ГПА-914.;0
Занесена снегом эвакуационная лестница 2 этажа БППП.;0
Занесены снегом привода кранов обвязки ЦБН;0
Бочка с краской на 1 этаже в торце техкорпуса (УППГ-3В);0
Заметен подход к печам П-1.1,2 (УППГ-3В);0
Не работает тепловая завеса У-1 аварийного выхода ПЭБа ДКС-2;0
ЦРМ, отсутствует табличка безопасности при входе в цех со стороны галереи. ;0
Загрязненность , ржавчина на корпусе фильтра Ф-401-1;0
Снег на площадке обслуживания ПТПГ-30-3,4;0
"Плохо читается знак безопасности "" Держитесь за перила"", при передвижении по лестницам, переходным мостикам, площадкам обслужования. Площадка обслуживания свечей.  Возможен травматизм персонала. ";0
Занесена снегом остановка автотранспорта КАДС.;0
Снег,наледь запасной выход ЦРД(второй этаж возле Н6)-АВО ;0
Разряжен газоанализатор ALTAIR.;0
Сети внутриплощадочные, на Е301/а площадки ослуживания занесены снегом.;0
БППП углекислотный огнетушитель №43 повреждена пломба;0
Разряжен газоанализатор СЕАН-Н-О2 зав.№ 6191;0
Обход станций. УКЗ ПК-108 Тула. Наличие снега и наледи на козырьке (риск падения наледи со снегом на работника при потеплении).  Снег перед входом на станцию. Отсутствие одного диэлектрического коврика перед СКЗ№1;0
Обход станций. УКЗ 719 куст Тула. Наличие снега и наледи на козырьке (риск падения наледи со снегом на работника при потеплении).  Заметены входные двери. Отсутствие уличного освещения над входом в станцию.;0
Обход станций. УКЗ ПК-92 Елец. Наличие снега и наледи на подъёмных ступеньках и пандусе (риск получения травмы работника при падении). Следует заменить однолинейную схему в СКЗ №2;0
Обход станций. УКЗ ПК-172 Елец. Наличие снега и наледи на козырьке (риск падения наледи со снегом на работника при потеплении).  Снег перед входом на станцию. ;0
Обход станций. УКЗ ПК-352 Елец. Наличие снега и наледи на козырьке (риск падения наледи со снегом на работника при потеплении).  Снег и наледь перед входом на станцию. Необходима замена диэлектрического коврика перед СКЗ№1. Отсутствие наименования напряжения над розеткой;0
Обход станций. УКЗ ПК-70 Анерьяха. Снег перед входом на станцию. Заметены ворота;0
Наличие загрязнений рамы насоса Н-20/1 после проведенного ремонта.;0
Обход станций. УКЗ ПК-172 Анерьяха. Наличие снега и наледи на козырьке (риск падения наледи со снегом на работника при потеплении).  Снег перед входом на станцию. Нестабильно работает выключатель освещения перед входом на станцию. Заметены ворота;0
РММ (курилка). Требуется периодическа проверка огнетушителя.;0
РММ. Раздевалка монтеров по ЗПТ от коррозии. Не работают 2 светильника.;0
УЭМПГ и ГРС. Обходной маршрут слесаря-сантехника. Подход к пожарному гидранту заметен снегом. ;0
Не убран снег с вентилятора на входе в БВС.;0
Возле насоса Н-3-1 посторонние предметы (набивка, ключ).;0
В БВС слесарной мастерской на обогревателе рабочие перчатки, одежда.;0
ГТЭС-48. ЭМ-1. Перегорела лампа освещения под КШТ ГТУ-2.;0
База УМС. Не работает кнопка запуска на компрессоре. ;0
Занесены снегом площадки обслуживания ГПА №711;0
Занесены снегом подходы ко входу в поз.3;0
Посторонний предмет в укрытии поз.308;0
Отпала технологическая схема в помещении емкостного оборудования, поз. 41;0
посторонний предмет в помещении ЗПА2;0
Повреждена полка-держатель кабеля в поз.1;0
Заметены подходы к поз.19;0
Посторонний предмет в поз.41 (помещение насосной);0
Подтеки масла на корпусе насоса Н6.1;0
Занесен снегом подход к арматурному блоку ППГ;0
подтеки жидкости Н1\15;0
Отсутствует информационная табличка на приборе на позиции: «Перепад давления масло-газ» на ГПА-125;0
Поврежден заземляющий проводник на кабеле датчика «Температура топливного газа» ГПА-125;0
Не опломбированы фланцевые соединения в Блок боксе метанола после замены ЗРА.;0
В ТКПГ, в районе А-1/1, не работает лампа освещения.;0
Недостаточное количество песка по маршруту передвижения (обхода);0
"Ослаблен крепеж заземляющего кабеля прибора КИПиА ""Метран"" на С-1/5 УОГа.";0
Неисправен доводчик двери в ЦРМ.;0
УРДиМ, техническая пыль вокруг воздуховодов приточной вентиляции(в районе К301-1).;0
Сломан счетчик дозоправки маслом МБН;0
В ЦРМ, на Н-7а/2, сорвана пломба на фланцевом соединении нагнетательного трубопровода.;0
Отсутствует освещение прохода возле В-9/2.;0
Заметен подход к печи ПГ-1.2;0
Устарела информационная табличка на Е-401;0
Посторонние предметы в помещении временного хранения (картонные коробки) БППП-2 очереди;0
Занесён снегом эвакуационный выход с СЭБ 2-й этаж;0
Сорвана пломба на шаровом кране насоса Н-3.2.;0
Заметена калитка и проход к узлу связи. Возможно травмирование дежурного персонала.;0
Не расчищены от снега лестничные площадки б/б ГСМ;0
ГТЭС-24, ЗРУ-110кВ, У изолирующих штанг №7334, №7344 срок испытания истекает 14.01.2023.;0
Разряжен переносной газоанализатор Ганк4Ех.;0
"На входе в ЦПГ отсутствует знак безопастности ""Работать в наушниках""";0
"ЦПГ тепло-узел П-1/2 отсутствует табличка ""РЕЗЕРВ""";0
ГТЭС-48. КНС-2, ШС - не читаемо диспетчерское наименование. ;0
поз№72 в туалетной комнате не горит светильник ;0
В насосной  п. 337 плохо читаема технологическая схема.  ;0
Посторонние предметы на площадке ГПА №712;0
Неисправеость доводчика двери, вход на пульт (БППП);0
Поз.151 Бытовые приборы (электрочайник) установлены без применения негорючей поверхности ;0
п.130 Обновить ЛКП на ящике ХТ-5;0
п.130 Оторван утеплитель- уплотнитель двери на входе в блок-бокс ;0
Поз.301 Не убраны предметы после проведения опрессовки трубопроводов пож.водоснабжения ;0
Здание ЦЭиОСО. Отсутсвует знак запрета складирования на путях эвакуации.;0
Харвутинский купол. Обход станций. Установка катодной защиты №19. Нет доступа на станцию, ключ сломан, дверь заблокирована. ;0
Снег на площадке обслуживания БЭКС на КГС №231 УКПГ-2С.;0
Размыв обвалования трубопровода ЦДКС - АГРС 1-я нитка на 3 км.;0
В помещении ЗАТПГ мелкий мусор ( перья от веника);0
Отсутствует бирка адреса подключения на шкафу управления АВО позиция 31.;0
Ослаб хомут крепления трубопровода на выкиде насоса Н-1М (УППГ-3В);0
Отсутствует табличка нумерации задвижки М-02 (УППГ-3В);0
Проседание отсыпки обвалования конденсатопровода УКПГ-2В - ПХЗК Ду400, наземная прокладка трубопровода от ПК 216+51 до ПК 217+00;0
ЦПГр, не исправность работы доводчика уличной двери входа в БППП. ;0
ЦСГ-3, посторонние предметы в районе ФС-5. ;0
ЦСГ, посторонние предметы и материалы после проведения ГОР в районе С-1/3.;0
Не читается технологическая схема ГПА№911.;0
Не очищен от снега проход к ПГ-19,;0
Не исправен доводчик двери арматурного блока ПОРМ-1/1.;0
Неисправна ручка двери в ОД ГПА №223;0
УПГ, С201-3 нарушена сплошная опозновательная окраска технологического трубопровода.;0
ЗПА, отсутствует пломба крана Г-101/16.;0
Небольшие вмятины на поёлах полов в ОН, возле входа слева по полёту;0
Перегорела лампа освещения в арматурном блоке печей подогрева газа ;0
Не достаточное освещение в арматурном блоке ПОРД-1/5.;0
УЗСП, отсутствует освещение в тамбр-шлюзе.;0
Недостаточное освещение над Е-7 (технологический корпус);0
отсутствует аварийное освещение в тамбуре СЭБ;0
Недостаточное освещение отсека маслохозяйства;0
Неисправно аварийное освещение в помещении приточки П-1 поз.7;0
Неисправно аварийное освещение поз. 86 ;0
Недостаточное освещение в слесарной мастерской. Перегорели лампы. Риск получить травму.;0
Отсутствует освещение в блоке отсечной арматуры (БОА).;0
Отсутствует освещение в помещении для сушки спецодежды;0
Не достаточное освещение в помещении УОК.;0
Переходная галерея раздевалка раздевалка 2этаж, не горит аварийное освещение.;0
В помещении аэротенков не работают 4 светильника, недостаточное освещение рабочей зоны.;0
Не достаточное освещение в ЗПА.;0
Отсутствует освещение входного тамбура в УПТИГ.;0
Недостаточное освещение в вент. камере БППП;0
При въеде на территорию ЛЭС плохое освещение шлагбаума.В РММ выход №2 сломан дверной замок.;0
Недостаточное освещение в помещении Маслохозяйства ДКС.;0
В РММ у сверлильного станка не работает местное освещение.Наледь на ступеньках при входе в блок-бокс одоризации.;0
Недостаточное освещение в УПТ;0
Галерея раздевалка 2 этаж , перегорело аварийное освещение.;0
Отсутствует освещение в БОА №911.;0
Отсутствует освещение в комнате приема пищи БППП.;0
Отсутствует освещение над пожарным гидрантом ПГ-1;0
Отсутсвует освещение в тамбур шлюзе УПГ. Опасность получения травмы;0
Недостаточное освещение в вент.камере БПП;0
Недостаточное освещение в РВС;0
Тамбур-шлюз в ЦРД не горит Аварийное освещение;0
"Недостаточное внутреннее освещение ДЭС 6 ""База ОРС"", частично перегорели лампы в светильниках.";0
Недостаточное освещение в ОМА на Т/А№113;0
Недостаточное освещение на АР-02;0
ГПУ № 211 БМА: отсутствует освещение в блоке.;0
ГТЭС-15, ПГ №3, светильник занесен снегом, не работает освещение гидранта;0
Поз.4 тамбур шлюз отсутствует освещение(перегорела лампа);0
Недостаточное освещение в насосной метанола;0
ЗПА не достаточное освещение;0
поз.7 Отсутствует рабочее освещение над блоком насосов.;0
Не достаточное освещение в мастерской КИП ДКС;0
Не горит аварийное освещение на выходе с БППП;0
Недостаточное освещение в Блоке Отсечной Арматуры (БОА) ГПА № 911.;0
Недостаточное освещение в районе Р-1/2 (перегорела лампа в светильнике №78).;0
Тамбур-шлюз ЦПГ не горит Аварийное освещение;0
Недостаточное освещение в компрессорной КИП и А;0
Не достаточное освещение в районе С1-3 УОГ;0
Не горит аварийное освещение в тамбуре УПТИГ-2оч,;0
УЗГ не горит Аварийное освещение;0
"ПЭБ ДКС; частично отсутствует аварийное освещение.";0
Не горит освещение аварийного выхода №2 ПЭБ ДКС;0
Недостаточное освещение в арматурном блоке ПОРД № 5.;0
Недостаточное освещение на входе в насосную склада ГСМ. ;0
Недостаточное освещение в ТКПГ возле А-1/9 ;0
ГПУ № 213: Отсутствует освещение в пож.модуле.;0
БВП не горит Аварийное освещение;0
Недостаточное освещение в блоке маслоохладителей ГПА №611. ;0
Недостаточное освещение в отсеке нагнетателя т/а№323;0
Не достаточное освещение в помещении УОК.;0
ПОРД №3 не горит Аварийное освещение;0
Отсутствует освещение в помещении блок - бокса ППК 2 очередь.;0
РВС-не работает  освещение при входе в помещение;0
Не достаточное освещение в ЦРД Н-10/8;0
Не достаточное освещение  в УОГ перегорели лампы.;0
Отсутствует аварийное освещение в арматурном блоке печей огневой регенерации ДЭГа.;0
Не работает освещение шлюз-тамбура ЦРД;0
Не достаточное освещение рабочего модуля К1/2. ЦРД.;0
ЦРМ. Недостаточное освещение ВХ-2а/1,2 ;0
ПК172 УКЗ. Отсутствует наружное освещение, наледь на лестничном пролете.;0
Склад КИПиА. Отсутствует освещение на входе.;0
Недостаточное освещение в ОМА ГПА №611.;0
Недостаточное освещение на УП ДКС.;0
"РММ. Бокс То 2.  Недостаточное освещение в смотровой яме №2.
";0
ЦРД. Не достаточное освещение площадки обслуживания уравнемерных колонок К1/2.;0
"Недостаточное освещение в комнате приготовления раствора
в ПЭБе.";0
Не достаточное освещение в мастерской КИП ДКС;0
Недостаточное освещение в ОМА на Т/А №111.;0
В ЦПГ между БТДА 1/3 и БТДА 1/4 недостаточное освещение.;0
ЦРМ. Недостаточное освещение площадки обслуживания К1А (2этаж).;0
УКЗ ПК-352. Заметены снегом подходы к станции, наледь на площадке перед входной дверью. Отсутствует наружное освещение. Обрыв одной из вязок на опоре ВЛ ЭХЗ.;0
ЦРД. Не достаточное освещение на переходе Е-4.;0
Не достаточно освещение в арматурном блоке ПОРД;0
Не достаточное освещение в блок-боксе ДЭГа и метанола.;0
Плохое освещение на ВХ-2а ЦРМ.;0
Поз. 47 Не работает освещение КНС (АВ-0,4кВ питания освещения вышел из строя). Опасность получения травмы работником в условиях недостаточной освещённости..;0
Недостаточное освещение в блок-боксе насосной Н-13. Риск получения травмы работником.;0
Не достаточно освещение в галерре ТКДМ;0
УРДиМ, отсуствует освещение в тамбур-шлюзе.;0
Не достаточно освещение под КШТ ГПА №722;0
Недостаточно освещение около Р2/2 (перегорела лампа);0
ГПА №626 не достаточное освещение в ОН. ;0
Недостаточно освещение в блок боксе метанола;0
НМ, отсутствует освещение в тамбуре насосной метанола. ;0
Не работает аварийное освещение в тамбуре БПТГ-2.;0
Поз.79 Не работает освещение комнаты для сушки спец. одежды. Опасность получения травмы из за недостаточного освещения.;0
Не достаточное освещение возле арматурного блока А-1/1 ЦПГ.;0
Недостаточное освещение в отсеке ОМА ГПУ№511.;0
Слабое освещение под КШТ ГПА№523.;0
ЗПА, отсуствует освещение в тамбур-шлюзе.;0
ГПА №622 отсутствует аварийное освещение в ОН.;0
Недостаточно освещение на Е8А (перегорела лампа);0
Отсутствует освещение на входной площадке в ЦПГ (сторона АВО). ;0
Недостаточно освещение в отсеке маслоагрегатов;0
Недостаточное освещение АР-01, 12 т.н.;0
Поз.43 Отсутствует освещение над входом 2 этажа в помещение регенерации.;0
Неработоспособно аварийное освещение в тамбур-шлюзе на входе в ангар ГПА № 916.;0
Не работает аварийное освещение на ГПА-222 в отсеке БМА.;0
Поз.34 В дебаркадере не работает освещение (выбит АВ0,4кВ питания раб. освещения). Опасность получения травмы работником при перемещении в не освещённом помещении.;0
Недостаточно освещение на втором этаже ВХ-2;0
Недостаточное освещение в помещении отсека нагнетателя ГПА№-224;0
Недостаточно освещение в отсеке маслоагрегатов;0
Отсутствует аварийное и дежурное освещение в БМА на ГПА-16 ст.№224.;0
Не горит аварийное освещение около Е-12 ТКДМ ;0
Неисправно освещение лестничной площадки на улице ( выход из ТКПГ на зону В );0
Недостаточное освещение в помещении насосной маслохозяйства.;0
Не достаточно освещение в тамбуре площадки пож.выхода у С-1/8;0
Недостаточное освещение в тамбуре ЦПГ;0
ЦПГ тамбур-шлюз не горит Аварийное освещение;0
не достаточное освещение в ППГ;0
Недостаточное освещение в лаборатории ИТЦ в БППП. Перегорела лампочка;0
В умывальнике общественного туалета второго этажа тусклое освещение ввиду перегоревшей одной из ламп дневного света .;0
Недостаточное освещение в отсеке двигателя;0
В венткамере БППП, перегорела лампа, не достаточно освещение;0
Недостаточное освещение рабочего места дежурной смены (комната машинистов Т/К) в ПЭБ.;0
ГТЭС-24, Г-2, Аккумуляторная неисправно рабочее освещение.;0
Недостаточное освещение над верстаком в здании БВП (перегорела лампочка);0
УЗГ(Хорвута) не горит аварийное освещение;0
В эл.цехе недостаточное освещение рабочего места;0
В котельной недостаточное освещение рабочего места.;0
В помещении оператора ПАГЗ недостаточное освещение рабочего места.;0
Бокс №14. Недостаточное освещение рабочего места. ;0
Недостаточное освещение на узле подключения ДКС.;0
ЦПГ тех. модуль А-1/2 не достаточное освещение рабочей зоны;0
Недостаточное освещение на первом этаже БППП;0
Отсутствует освещение в технологическом блоке ПКУ (поршневая компрессорная установка).;0
Не исправно освещение на втором этаже за абсорбером А-1/9;0
"1. Отсутствует освещение в тамбуре перед входом в помещение каналов АСУТП здания ЦПГ 2оч.
2. Неисправно освещение внутри помещения (не горят две лампы).";0
Недостаточное освещение в блоке нагнетателя ГПА №125;0
Недостаточное освещение в насосной метанола;0
На Узле отключающих кранов не горит Аварийное освещение;0
поз.3 В помещении отсутствует аварийное освещение.;0
Недостаточное освещение в блок-боксе топливного газа на Т/А№124.;0
Недостаточное освещение в помещении БОА ГПА№917.;0
Недостаточное освещение на УОГ.;0
Недостаточное освещение в помещении УП ДКС-1;0
ЦРМ. Не достаточное освещение площадки обслуживания К 1А ( 2 этаж ).;0
ГПУ № 2116 частично отсутствует освещение отсека двигателя.;0
Недостаточное освещение в арматурном блоке ППГ;0
Недостаточное освещение в отсеке маслоагрегатов на Т/А№123.;0
Недостаточное освещение в компрессорной КИП и А;0
Недостаточное освещение в помещении насосной маслохозяйства. ;0
ЦРД.Не достаточное освещение на переходе возле Е-4.;0
Отсутствует освещение в тамбуре УПТИГа-1оч.;0
БППП пульт не горит аварийное освещение;0
Вход в РММ. Отсутствует наружное освещение.;0
Недостаточное освещение рабочего места в помещении маслохозяйства ДКС.;0
Недостаточное освещение в БОА ГПА№915.;0
Недостаточное освещение в отсеке пожаротушения на Т/А №112.;0
ГПА-513 недостаточно освещён отсек автоматики ,не работает аварийное освещение.;0
Плохое освещение в насосной метанола;0
Отсутствует аварийное освещение возле Е-4 в ЦРД.;0
Не достаточное освещение арматурного модуля рабочей колонны  К 1/2. ЦРД.;0
Недостаточное освещение в отсеке пожаротушения на Т/А №114.;0
Неисправно аварийное освещение в БППП;0
Отсутствует аварийное освещение в тамбуре ЦПГ.;0
Не достаточное освещение в операторной БППП.;0
Отсутствует аварийное освещение в ЦПГ арматурный блок А-1.2;0
Не горит аварийное освещение возле входа / выхода УОГ.;0
Недостаточное освещение в помещении УОК.;0
Недостаточное освещение под КШТ, ГПА №713. ;0
"Не включается наружное освещение блок бокса на территории АГРС ""Промбаза"".";0
ПС 110кВ ЗГТЭС . ЗРУ-110кВ, яч.7 шкаф привода В 110кВ ГТЭС-1 не горит лампа (рабочее освещение).;0
Не достаточное освещение в топочной ПОРМ-1/1.;0
Недостаточное освещение в мастерской КИП ПЭБ ДКС;0
Не достаточное освещение возле арматурного блока  А-1/1 ЦПГ.;0
Не достаточное освещение в ОА ГПА №721.;0
Отсутствует освещение в ПКУ (отсек компрессора).;0
Отсутствует освещение во входном тамбуре КОС. Опасность травимрования работников;0
Отсутствует освещение под КШТ ГПА №523.;0
Не достаточное освещение в отсеке двигателя ГПА № 722;0
Отсутствует аварийное освещение в ОМА на ГПА № 612.;0
поз.1 Отсутствует аварийное освещение в тамбур-шлюзе при выходе из цеха.;0
Неисправно аварийное освещение на пульту БППП;0
Неисправно освещение указателя аварийного выхода БППП.;0
Не работает освещение в венткамере УПТ.;0
" В рамках вовлечения всех работников к активному участию в деятельность по повышению энергоэфективности и энергосбережению и исполнения политики ООО ""Газпром добыча Ямбург"" в области энергоэфективности и энергосбережения, рабочее освещение (кроме аварийного) в производственных цехах, подсобных помещениях, в ремонтных мастерских, в электроустановках  без нахождения персонала в светлое время суток,  в целях повышения ресурса осветительных устройств, необходимо отключать. ";0
Не горит освещение аварийного выхода №3 ПЭБ;0
Недостаточное освещение в арматурном блоке ПОРД.;0
Не горит аварийное освещение в тамбур-шлюзе запасного выхода БППП;0
ЗПА отсутствует освещение на центральном проходе;0
ЦПГ центральный проход отсутствует освещение;0
"Недостаточное освещение здания БППП; Подъем на второй этаж (пульт).";0
Недостаточное освещение  в ангаре ГПА № 917.;0
Отсутствует аварийное освещение в СВО №917;0
Не исправно  освещение коридора, на втором этаже СЭБ.;0
Отсутствует освещение в тамбуре здания УПТПИГ КЦ-2.;0
Пункт 2.2.12 Чек листа. ЦРМ 1 этаж. Отсутствует освещение Н-10а насосов.;0
Отсутствует аварийное освещение (перегорела лампа) в блоке управления УПИГ КЦ-2.;0
Недостаточно освещение в помещении  УОК;0
Недостаточное освещение в блоке нагнетателя ГПА №622.;0
УОК отсутствует освещение;0
Поз.12 Помещение приточной вентиляции, не работает светильник аварийного освещения. Не достаточное освещение, опасность получения травмы работником при передвижении.;0
Не достаточно освещение на ВХ-2А;0
поз.2 Отсутствует аварийное освещение в тамбур-шлюзе.;0
Не достаточное освещение ВХ 2/5. ЦРД,;0
Не достаточно освещение на ВХ-3 (перегорела лампа) возможно падение работника в темноте;0
ДКС УП №-1 Недостаточное освещение в помещении узла.;0
Недостаточно освещение на пульту ГП ;0
Не достаточно освещение на втором этаже ТКПГ около А1-5;0
Недостаточное освещение в отсеке двигателя на ГПА № 414;0
Не достаточно освещение в блок боксе метанола (перегорела лампа) в темноте возможно падение работника;0
ЦРД. Не достаточное освещение площадки обслуживания ЗРА на модуле К1/1.;0
Не горит аварийное освещение в ЗПА ;0
ЦРМ ВХ-2А отсутствует освещение ;0
Не достаточно освещение (перегорела лампа) на ВХ2 -второй этаж;0
УРДиМ,тамбур-шлюзе отсутствует освещение.;0
Недостаточное освещение в маслонасосной склада ГСМ.;0
ЗПА отсутствует освещение на центральном проходе;0
ЦРД . Не достаточное освещение ВХ-2 (2 этаж) .;0
Не горит аварийное освещение около Е12;0
Плохое освещение в компрессорной КИП и А;0
Отсутствует освещение на УОК;0
Недостаточное освещение ЦРДиМ;0
БППП 1 этаж не горит аварийное освещение;0
Недостаточное освещение в отсеке ЦБН т/а 611.;0
Не дастаточно освещение в вент камере ЗППА (перегорела лампа светильника);0
Не достаточное освещение площадки обслуживания ЗРА , К 1/1 (2 этаж).;0
Плохое освещение в технологическом корпусе в районе БА-1;0
Недостаточное освещение в отсеке нагнетателя Т/А № 112.;0
Не достаточно освещение (перегорела лампа) в арматурном блоке ПОРД - в условиях не достаточной видимости возможно падение работника ;0
Не достаточно освещение - не горит светильник на ВХ2А (2этаж) - возможно падение работников;0
"АГРС ""Промбаза"". Жидкость в плафонах ВЗГ-200. Неисправное освещение в рабочей зоне.";0
Неисправно освещение в тамбуре АБК. ;0
Не горит светильник в блок-боксе ГСМ - не достаточно освещение;0
Не горит аварийное освещение на втором этаже БППП;0
"ЦРД. Розлив ЛВЖ  под статиной Н 3/1.
";0
"Наледь на пути следования ""проходная - БППП"" (УППГ-3В)";1
Обледенение путей передвижения по маршруту обхода на УППГ. Риск травмирования работника.;1
После чистки снега трактором, на входе в АБК образовался гололед. Риск падения человека на скользкой поверхности.;1
Произведена проверка инструмента монтёров ЭХЗ. Выявлен инструмент с просроченной датой проверки. ;1
После проверки электроинструментов, выявлена одна болгарка с деформированным кожухом. Риск получения травмы во время работы болгаркой из-за вероятности закусывания отрезного диска и вылетом осколка.;1
Наледь на лестничном переходе к узлу подключения КЦ-2;1
Обледенение путей передвижения от АБК до БППП.;1
"Наледь на пути ""БППП - ППГ"" (УППГ-3В)";1
"УМС. Наличие снега и наледи на путях передвижения.
Пыль на поверхности клемных коробок и электрооборудовании КИПиСА";1
"Скользкая поверхность путей передвижения работников по территории УКПГ-1В. 
Не посыпаны песком пути передвижения по ГП и ДКС, а также место высадки пассажиров.";1
Помещение УМС. В рабочей зоне находится переносная катушка-удлинитель с явными признаками повреждения провода у основания вилки. При дальнейшем использовании не исключена вероятность КЗ;1
ВПС, наледь на лестничных маршах печей регенерации.;1
Б/Б насосная ГСМ АВВ повреждено заземление электродвигателя;1
Не очищены от снега, наледи площадки передвижения парка Дэга и Метанола;1
поз.19  30Е1/2 не регулируется воздух КИП на клапане-регуляторе (газ/выветр.);1
Площадка обслуживания БЕ-501-1 наледь на ступеньках подьема на площадку;1
Обледенение путей передвижения от БППП до БВП.;1
Наледь на ступенях входа в БППП (УППГ-3В);1
Обледенение ступеней площадки входа в операторную,галерею ППА и УЗГ. ;1
В вагон-складе электромонтеров вышла из строя одна секция освещения., на левой стороне верхних полок стеллажа хаотично лежит инвентарь выпирая за границы полок, риск получения травмы персонала в следствии недостаточного освещения при прохождении между стеллажами. ;1
К подходам АБК следует дополнить противоскользящий материал, имеются пробелы наледи на проходных путях. ;1
Цех основного производства (поз.2).  Наледь на маршевой лестнице глваного входа.;1
Наличие снега и наледи на площадке обслуживания П-601;1
Перед входными дверями образовался ледяной бугор.На крыше над входными дверями сосульки.;1
Наледь на входе в торце техкорпуса (УППГ-3В);1
Вибрация на насосе Н-10 А.;1
Образование наледи на лестничных маршах объекта КАДС.;1
   ВПС, наличие наледи на лестничных маршах перехода между насосной конденсата и МКС.;1
"АГРС ""Промбаза"", (б/б замер.диаф.,ТП). Наличие снега и наледи на путях передвижения, риск падения работника на скользкой поверхности. Наличие посторонних предметов в помещении. ";1
Обледенели ступеньки на выходе с ЦПГ со стороны АВО.;1
Обледенение подхода к лестничному маршу КПП.;1
"Снег , наледь на площадке обслуживания подачи метанола на скважины ( зона ""В"") вероятность падения работника";1
Снег и наледь на ступени переходной лестницы УПТ - ЦРД;1
Наледь на ступенях входа в ПЭБ ДКС;1
ЦСГ-3, наледь на козырьках входов в цех.;1
Обледенение путей передвижения от операторной до галереи ППА. ;1
На выходе с СЭБ, наледь на нижних ступенях лестницы.;1
п. 92 обледенение ступеней лестницы;1
УМС. Выявлен один из канатных стропов с износом более 40% (присутствуют визуальные дефект). Высокий риск обрыва стропа при погрузочно-разгрузочных работах.;1
Наледь возле проходной ГП (УППГ-3В);1
В ТКПГ в НМ , на путях передвижения , возле Н-4\1 масляные пятна ,скользкий пол.;1
поз.3 Наледь на ступенях лестницы (переходный мостик в каре);1
ПОРМ №1 с крышы свисание наледи, снега ;1
Наледь перед входом в ПЭБ ДКС;1
Наледь на подходе к ПГ-1.1 (УППГ-3В);1
ЦПГ, наледь на переходе и лестничных маршах в районе АВО газа.;1
Образование наледи перед входом в поз. 77.;1
Образование наледи перед входом в поз.38.;1
Снежный нанос и наледь на площадке обслуживания кранов № 36р и № 36б;1
Наледь на лестнице (вход в ПРМ);1
б.ЛЭС2. Наличие снега и наледи на путях передвижения (риск падения человека). Загрязненность поверхности пола по периметру обхода слесаря КИПиА.;1
Наледь перед входом в БППП.;1
Площадка переключающей арматуры  (поз.30). Наледь на ступенях маршевой лестнице.;1
После уборки спецтехники на пути передвижения от проходной в сторону БППП из ЖБ плиты торчит кусок арматуры. Риск серьезного травмирования дежурного персонала.;1
Скользкая дорожная плитка возле входа в БППП, существует опасность падения на скользкой поверхности;1
"ГРС ""Аэропорт"". Снег и наледь на козырьках и свисание их с крыши. Риск получения травмы работника.";1
Образование наледи на ступенях лестницы центрального входа здания АБК МРУ поз 9.18.;1
Снег, наледь на площадке обслуживания П-201-1, П-201-2;1
ЦПГр, на лестничном марше на второй этаж, с стороны операторной не закреплена пятая ступень.;1
Наледь на площадке входа в помещение УП;1
Наледь на площадке входа в ПЭБ ДКС;1
Сети внутриплощадочные,на Е408 площадки обслуживания и лесничные переходы занесены снегом.;1
Обледенение ступеней лестницы входа в УЗГ. Возможно падение работников. ;1
Образование наледи на лестнице вход в ТКПГ (со стороны ПРГСН). Риск падения работников;1
В ПРМ не закреплены переходные площадки над трубопроводами.;1
В ЦРМ на насосе Н-7А/2 оборвано заземление.;1
УПГ,наледь на лестнице ,вход в цех со стороны ЗПА.;1
Наледь на защитных козырьках входных площадок УОГа. Риск травмирования работника.;1
"11.01.2023 г. при осуществлении обхода инспекторским составом ООЗИ ф. СКЗ защищаемых объектов Общества было выявлено замечание: 
- на объекте Спортивно-оздоровительный комплекс на крыше здания между контурами № 5 и № 8 имеется провисание снега, возможен неконтролируемый сход снега. В связи с этим повышается риск получения травм у работников ООЗИ осуществляющих внешний обход данного объекта согласно маршрута обхода.";1
Обледенение площадки перед входом в БППП.;1
Нависание снега с козырька над центральным входом в здание ИТЦ-1.;1
Обход станций. УКЗ ПК-31 Тула. Наличие снега и наледи на козырьке (риск падения наледи со снегом на работника при потеплении).  Снег перед входом на станцию;1
Обход станций. УКЗ ПК-141 Тула. Обледенение подходных ступенек, снег перед входной дверью (риск падения работника). ;1
Наличие скользких поверхностей путей передвижения;1
Нет освещения в тамбур-шлюзе, поз.4;1
В БППП, на ОП-10 №10 имеются трещины на шланге, необходима замена.;1
Наледь на площадке обслуживания ГПА№913,крана№6.;1
Обледенение участка дорожного покрытия перед входом в ЦПГ. Вероятность травмирования работника при падении.;1
площадка при входе в б/б насосной ГСМ- наледь возле двери;1
Пешеходные дорожки заметены снегом. Наледь на ступеньках лесничного марша на входе в АБК. Риск получения травмы работником.;1
УТОБТДА. Не исправен светильник 36В над сверлильно-фрезерным станком ;1
Харвутинский купол. Обход станций. Установка катодной защиты №21.Обледенение входной площадки (риск падения человека). Въездные ворота заметены снегом. Перегорела лампа наружного освещена.;1
Образование наледи на площадках обслуживания дизельных электростанций.;1
КЦ-2 УПТТиГ обледенение ступеней лестницы при входе.;1
ВПС, наледь на ступенях площадки обслуживания емкостей парка конденсата Е-1х.;1
ВПС, присутствует наледь подходов к маршрутным лестницам ЗПА, насосная метанола.;1
